form	lemma	POS	morph
༄༅།		PUNCT
		
།		PUNCT
ཚེ་ཐར་	ཚེ་ཐར་	OTHER
བཏང་	བཏང་	VERB
ཐབས་	ཐབས་	NOUN
ཕན་བདེ་	ཕན་བདེ་	OTHER
འི་	གི་	PART
སྙིང་པོ་	སྙིང་པོ་	NOUN
ཞེ་	ཅེས་	PART
བྱ་བ་	བྱ་བ་	VERB
བཞུགས་	བཞུགས་	VERB
སོ་	གོ་	PART
།		PUNCT
		
།		PUNCT
ན་མོ་	ན་མོ་	X
གུ་རུ་	གུ་རུ་	PROPN
དྷེ་བ་	དྷེ་བ་	NON_WORD
དྷཱ་		NON_WORD
ཀི་	ཀི་	ADP
ནཱི་		NON_WORD
ཡཻ་		NON_WORD
།		PUNCT
འདུས་བྱས་	འདུས་བྱས་	NOUN
གྱི་	གི་	PART
དགེ་རྩ་	དགེ་རྩ་	OTHER
མཆིས་	མཆིས་	VERB
སོ་	གོ་	PART
ཅོག་ལ་	ཅོག་ལ་	NO_POS
ས་	གིས་	PART
ཕན་ཡོན་	ཕན་ཡོན་	NOUN
ཁྱད་པར་	ཁྱད་པར་	NOUN
དུ་	ལ་	PART
ཆེ་བ་	ཆེ་བ་	VERB
སེམས་ཅན་	སེམས་ཅན་	NOUN
གྱི་	གི་	PART
སྲོག་	སྲོག་	NOUN
བསླུ་	བསླུ་	NO_POS
ཞིང་	ཅིང་	PART
སྐྱོབ་པ་	སྐྱོབ་པ་	VERB
ཉིད་	ཉིད་	DET
ཡིན་	ཡིན་	NO_POS
ལ་	ལ་	PART
།		PUNCT
དེ་	དེ་	DET
འི་	གི་	PART
བྱེ་བྲག་	བྱེ་བྲག་	NOUN
ནོར་	ནོར་	NOUN
ཕྱུགས་	ཕྱུགས་	NOUN
སོགས་	སོགས་	DET
ཚེ་ཐར་	ཚེ་ཐར་	OTHER
བཏང་བ་	བཏང་བ་	VERB
ས་	གིས་	PART
དུད་འགྲོ་	དུད་འགྲོ་	NOUN
དེ་ཉིད་	དེ་ཉིད་	NOUN
འཕྲལ་	འཕྲལ་	ADV
དུ་	ལ་	PART
སྲོག་	སྲོག་	NOUN
གི་	གི་	PART
འཇིགས་པ་	འཇིགས་པ་	VERB
ལ་	ལ་	ADP
ས་	གིས་	PART
གྲོལ་	གྲོལ་	VERB
ཅིང་	ཅིང་	PART
།		PUNCT
དཀོན་མཆོག་	དཀོན་མཆོག་	NOUN
ལ་	ལ་	PART
ཕུལ་བ་	ཕུལ་བ་	VERB
དང་	དང་	NO_POS
མཚན་	མཚན་	NOUN
དང་	དང་	NO_POS
གཟུངས་སྔགས་	གཟུངས་སྔགས་	OTHER
ཐོས་པ་	ཐོས་པ་	VERB
འི་	གི་	PART
བྱིན་རླབས་	བྱིན་རླབས་	NOUN
ཀྱིས་	གིས་	PART
མཐར་ཐུག་	མཐར་ཐུག་	NOUN
ངན་འགྲོ་	ངན་འགྲོ་	NOUN
འི་	གི་	PART
སྐྱེ་གནས་	སྐྱེ་གནས་	NOUN
ལ་	ལ་	ADP
ས་	གིས་	PART
ཐར་པ་	ཐར་པ་	VERB
ར་	ལ་	PART
འགྱུར་བ་	འགྱུར་བ་	VERB
དང་	དང་	NO_POS
།		PUNCT
དེ་	དེ་	DET
འི་	གི་	PART
མཐུ་	མཐུ་	NOUN
དང་	དང་	NO_POS
རྒྱུ་	རྒྱུ་	NOUN
མཐུན་	མཐུན་	VERB
གྱི་	གི་	PART
འབྲས་བུ་	འབྲས་བུ་	NOUN
ས་	གིས་	PART
བྱེད་པ་པོ་	བྱེད་པ་པོ་	NOUN
རང་ཉིད་	རང་ཉིད་	OTHER
ཚེ་རིང་	ཚེ་རིང་	NOUN
དུ་	ལ་	PART
འཕེལ་བ་	འཕེལ་བ་	VERB
སོགས་	སོགས་	DET
ཕན་ཡོན་	ཕན་ཡོན་	NOUN
ཆེན་པོ་	ཆེན་པོ་	ADJ
ཐོབ་པ་	ཐོབ་པ་	VERB
ར་	ལ་	PART
ཐེ་ཚོམ་	ཐེ་ཚོམ་	NOUN
མེད་	མེད་	VERB
ལ་	ལ་	PART
།		PUNCT
དེ་	དེ་	DET
འང་	ཀྱང་	PART
ཆོ་ག་	ཆོ་ག་	NOUN
དང་	དང་	NO_POS
འབྲེལ་	འབྲེལ་	VERB
ན་	ལ་	PART
འགྱུར་	འགྱུར་	VERB
སྟོབས་	སྟོབས་	NOUN
ལྷག་པ་		
ཆེ་བ་	ཆེ་བ་	VERB
ས་	གིས་	PART
།		PUNCT
སྐབས་	སྐབས་	NOUN
འདི་	འདི་	DET
ར་	ལ་	PART
ཐུགས་	ཐུགས་	NOUN
སྒྲུབ་	སྒྲུབ་	VERB
བར་ཆད་	བར་ཆད་	NOUN
ཀུན་	ཀུན་	DET
སེལ་	སེལ་	VERB
གྱི་	གི་	PART
བླ་མ་	བླ་མ་	NOUN
ཆོས་སྐུ་	ཆོས་སྐུ་	NOUN
འི་	གི་	PART
ལས་ཚོགས་	ལས་ཚོགས་	NOUN
ལ་	ལ་	ADP
ས་	གིས་	PART
འབྱུང་བ་	འབྱུང་བ་	VERB
ལྟ་	ལྟ་	OTHER
བཀོད་	བཀོད་	VERB
ན་	ལ་	PART
།		PUNCT
ཚེ་ཐར་	ཚེ་ཐར་	OTHER
གང་ཡོད་	གང་ཡོད་	NO_POS
ཀྱི་	གི་	PART
རྣ་བ་	རྣ་བ་	NOUN
ལ་སོགས་པ་	ལ་སོགས་པ་	NO_POS
ར་	ལ་	PART
དར་རས་	དར་རས་	NO_POS
ཀྱིས་	གིས་	PART
བརྒྱན་	བརྒྱན་	VERB
།		PUNCT
སངས་རྒྱས་	སངས་རྒྱས་	NOUN
ཆོ་	ཆོ་	NOUN
དང་	དང་	NO_POS
ཚོགས་	ཚོགས་	NOUN
ཀྱི་	གི་	PART
མཆོག་	མཆོག་	ADJ
རྣམས་	རྣམས་	DET
ལ་	ལ་	PART
།		PUNCT
		
།		PUNCT
བྱང་ཆུབ་	བྱང་ཆུབ་	NOUN
བ་	བ་	NOUN
དུ་	ལ་	PART
བདག་	བདག་	PRON
ནི་	ནི་	NO_POS
སྐྱབས་	སྐྱབས་	NOUN
སུ་	ལ་	PART
མཆི་	མཆི་	NO_POS
།		PUNCT
		
།		PUNCT
བདག་	བདག་	PRON
གི་	གི་	PART
སྦྱིན་	སྦྱིན་	VERB
སོགས་	སོགས་	DET
བགྱིས་པ་	བགྱིས་པ་	VERB
འི་	གི་	PART
བསོད་ནམས་	བསོད་ནམས་	NOUN
ཀྱིས་	གིས་	PART
།		PUNCT
		
།		PUNCT
འགྲོ་	འགྲོ་	VERB
ལ་	ལ་	PART
ཕན་	ཕན་	NOUN
ཕྱི་	ཕྱི་	OTHER
སངས་རྒྱས་	སངས་རྒྱས་	NOUN
འགྲུབ་པ་	འགྲུབ་པ་	VERB
ར་	ལ་	PART
ཤོག་	ཤོག་	VERB
		
།		PUNCT
སྐྱབས་སེམས་	སྐྱབས་སེམས་	NO_POS
སྔོན་	སྔོན་	ADV
དུ་	ལ་	PART
འགྲོ་བ་	འགྲོ་བ་	VERB
ས་	གིས་	PART
སྲོག་ཆགས་	སྲོག་ཆགས་	NOUN
རྣམས་	རྣམས་	DET
ལ་	ལ་	PART
ཆུ་	ཆུ་	NOUN
གཙང་	གཙང་	PROPN
འཐོར་	འཐོར་	VERB
།		PUNCT
ཨོཾ་	ཨོཾ་	X
བཛྲ་	བཛྲ་	NO_POS
ཨ་	ཨ་	X
མྲྀ་		NON_WORD
ཏ་	ཏ་	OTHER
ཀུཎྜ་		NON_WORD
ལཱི་		NON_WORD
ཧ་	ཧ་	NOUN
ན་	ལ་	PART
ཧ་	ཧ་	NOUN
ན་	ལ་	PART
ཧཱུྃ་		NON_WORD
ཕཊ་		NON_WORD
།		PUNCT
		
ཞེ་	ཅེས་	PART
བསང་	བསང་	OTHER
།		PUNCT
ཨོཾ་	ཨོཾ་	X
སྭ་		NON_WORD
བྷཱ་		NON_WORD
ཝ་	ཝ་	OTHER
ཤུདྡྷོ་		NON_WORD
སརྦ་	སརྦ་	NO_POS
དྷརྨ་		NON_WORD
སྭ་		NON_WORD
བྷཱ་		NON_WORD
ཝ་	ཝ་	OTHER
ཤུདྡྷོ྅ཧཾ་		NON_WORD
།		PUNCT
		
ཞེ་	ཅེས་	PART
སྦྱང་	སྦྱང་	VERB
།		PUNCT
ཆོ་	ཆོ་	NOUN
རྣམས་	རྣམས་	DET
མི་	མི་	PART
དམིགས་	དམིགས་	VERB
སྟོང་པ་	སྟོང་པ་	VERB
འི་	གི་	PART
ངང་	ངང་	NOUN
༔		PUNCT
ཤ་ཁྲག་	ཤ་ཁྲག་	NOUN
དྲོད་	དྲོད་	NOUN
དབུགས་	དབུགས་	NOUN
སེམས་	སེམས་	NOUN
དང་	དང་	NO_POS
བཅའ་	བཅའ་	VERB
༔		PUNCT
ཡོངས་སུ་	ཡོངས་སུ་	NO_POS
རྫོགས་པ་	རྫོགས་པ་	VERB
འི་	གི་	PART
སྲོག་ཆགས་	སྲོག་ཆགས་	NOUN
རྣམས་	རྣམས་	DET
༔		PUNCT
ངོ་བོ་	ངོ་བོ་	NOUN
གདོད་	གདོད་	NO_POS
ན་	ནས་	PART
ཡུམ་	ཡུམ་	NOUN
ལྔ་	ལྔ་	NUM
འི་	གི་	PART
དངོ་	དངོ་	NOUN
༔		PUNCT
རྣམ་པ་	རྣམ་པ་	NOUN
རིགས་	རིགས་	NOUN
ལྔ་	ལྔ་	NUM
འི་	གི་	PART
ཕུང་པོ་	ཕུང་པོ་	NOUN
ནི་	ནི་	NO_POS
༔		PUNCT
རང་རང་	རང་རང་	NO_POS
བྱད་གཟུགས་	བྱད་གཟུགས་	NOUN
ཡོངས་རྫོགས་པ་	ཡོངས་རྫོགས་པ་	OTHER
༔		PUNCT
འདོད་ཡོན་	འདོད་ཡོན་	NOUN
དཔག་མེད་	དཔག་མེད་	ADJ
འཕྲོ་བ་	འཕྲོ་བ་	VERB
ཡི་	གི་	PART
༔		PUNCT
མདུན་	མདུན་	NOUN
གྱི་	གི་	PART
ནམ་མཁ་	ནམ་མཁའ་	NOUN
ར་	ལ་	PART
གཞལ་ཡས་	གཞལ་ཡས་	ADJ
ཁང་	ཁང་	NOUN
༔		PUNCT
མཚན་	མཚན་	NOUN
རྫོགས་	རྫོགས་	VERB
རྒྱན་	རྒྱན་	NOUN
གྱིས་	གིས་	PART
སྤྲས་པ་	སྤྲས་པ་	VERB
འི་	གི་	PART
ནང་	ནང་	NOUN
༔		PUNCT
སྣ་ཚོགས་	སྣ་ཚོགས་	DET
པདྨ་	པདྨ་	NOUN
འདབ་	འདབ་	OTHER
བཞི་	བཞི་	NUM
འི་	གི་	PART
སྟེང་	སྟེང་	NOUN
༔		PUNCT
གླང་ཆེན་	གླང་ཆེན་	NOUN
སེང་གེ་	སེང་གེ་	NOUN
རྟ་མཆོག་	རྟ་མཆོག་	NOUN
དང་	དང་	NO_POS
༔		PUNCT
རྨ་བྱ་	རྨ་བྱ་	NOUN
ཤང་ཤང་	ཤང་ཤང་	OTHER
གིས་	གིས་	PART
བཏེགས་བ་	བཏེགས་བ་	NON_WORD
འི་	གི་	PART
༔		PUNCT
རིན་ཆེན་	རིན་ཆེན་	OTHER
ཁྲི་	ཁྲི་	NUM
རྐང་	རྐང་	NOUN
པདྨ་	པདྨ་	NOUN
དང་	དང་	NO_POS
༔		PUNCT
ཉི་མ་	ཉི་མ་	NOUN
ཟླ་བ་	ཟླ་བ་	NOUN
འི་	གི་	PART
གདན་	གདན་	NOUN
གྱི་	གི་	PART
དབུ་	དབུ་	NOUN
༔		PUNCT
བཅོམ་ལྡན་	བཅོམ་ལྡན་	NOUN
རིགས་	རིགས་	NOUN
ལྔ་	ལྔ་	NUM
ཚེ་	ཚེ་	NOUN
དཔག་མེད་	དཔག་མེད་	ADJ
༔		PUNCT
དཀ་	དཀའ་	VERB
ར་	ལ་	PART
མཐིང་	མཐིང་	NO_POS
སེ་	སེ་	NO_POS
ར་	ལ་	PART
དམར་ལྗང་བ་	དམར་ལྗང་བ་	NO_POS
འི་	གི་	PART
མདོག་	མདོག་	NOUN
༔		PUNCT
ཞལ་	ཞལ་	NOUN
གཅིག་	གཅིག་	NUM
ཕྱག་	ཕྱག་	NOUN
གཉིས་	གཉིས་	NUM
མཉམ་	མཉམ་	VERB
གཞག་	གཞག་	VERB
གིས་	གིས་	PART
༔		PUNCT
འཆི་མེད་	འཆི་མེད་	NOUN
ཚེ་	ཚེ་	NOUN
ཡི་	གི་	PART
བུམ་པ་	བུམ་པ་	NOUN
འཛིན་	འཛིན་	VERB
༔		PUNCT
རང་	རང་	PRON
འོད་	འོད་	NOUN
ཡུམ་	ཡུམ་	NOUN
མཆོག་	མཆོག་	ADJ
དབྱིངས་	དབྱིངས་	NOUN
ཕྱུག་	ཕྱུག་	VERB
ལྔ་	ལྔ་	NUM
༔		PUNCT
རང་རྟགས་	རང་རྟགས་	NO_POS
ཚེ་བུམ་	ཚེ་བུམ་	NO_POS
བསྣམས་པ་	བསྣམས་པ་	NO_POS
ས་	གིས་	PART
འཁྲིལ་	འཁྲིལ་	NO_POS
༔		PUNCT
ད་	ད་	NOUN
དང་	དང་	NO_POS
རིན་ཆེན་	རིན་ཆེན་	OTHER
རྒྱན་	རྒྱན་	NOUN
གྱིས་	གིས་	PART
སྤྲ་	སྤྲ་	NO_POS
ས་	གིས་	PART
༔		PUNCT
རྡོ་རྗེ་	རྡོ་རྗེ་	NOUN
པདྨ་	པདྨ་	NOUN
འི་	གི་	PART
སྐྱིལ་ཀྲུང་	སྐྱིལ་ཀྲུང་	NOUN
གིས་	གིས་	PART
༔		PUNCT
འོད་ཟེར་	འོད་ཟེར་	NOUN
འཁྲུགས་པ་	འཁྲུགས་པ་	VERB
འི་	གི་	PART
ཀློང་	ཀློང་	NOUN
ན་	ལ་	PART
བཞུགས་	བཞུགས་	VERB
༔		PUNCT
ཕྱི་རོལ་	ཕྱི་རོལ་	NOUN
པདྨ་	པདྨ་	NOUN
འདབ་	འདབ་	OTHER
བརྒྱད་	བརྒྱད་	NUM
ལ་	ལ་	PART
༔		PUNCT
སྒེག་	སྒེག་	VERB
སོགས་	སོགས་	DET
མཆོད་པ་	མཆོད་པ་	VERB
འི་	གི་	PART
ལྷ་མོ་	ལྷ་མོ་	NOUN
དང་	དང་	NO_POS
༔		PUNCT
སྒོ་	སྒོ་	NOUN
བཞི་	བཞི་	NUM
ར་	ལ་	PART
རྡོ་རྗེ་	རྡོ་རྗེ་	NOUN
འི་	གི་	PART
མགྱོགས་	མགྱོགས་	VERB
མ་	མ་	PART
བཞི་	བཞི་	NUM
༔		PUNCT
བར་མཚམས་	བར་མཚམས་	NOUN
རྩ་	རྩ་	NUM
གསུམ་	གསུམ་	NUM
ཚེ་	ཚེ་	NOUN
ཡི་	གི་	PART
ལྷ་	ལྷ་	NOUN
༔		PUNCT
བྱིན་རླབས་	བྱིན་རླབས་	NOUN
གཟི་བྱིན་	གཟི་བྱིན་	OTHER
འབར་བ་	འབར་བ་	VERB
ཡི་	གི་	PART
༔		PUNCT
གནས་	གནས་	NOUN
གསུམ་	གསུམ་	NUM
		
ཨཱཿ་		NON_WORD
ཧཱུྃ་		NON_WORD
གིས་	གིས་	PART
མཚན་	མཚན་	NOUN
༔		PUNCT
དེ་ལས་	དེ་ལས་	NO_POS
འཕྲོས་པ་	འཕྲོས་པ་	VERB
འི་	གི་	PART
འོད་ཟེར་	འོད་ཟེར་	NOUN
གྱི་	གི་	PART
༔		PUNCT
ཡེ་ཤེས་	ཡེ་ཤེས་	NOUN
ལྷ་ཚོགས་	ལྷ་ཚོགས་	NOUN
སྤྱན་	སྤྱན་	NOUN
དྲངས་	དྲངས་	NO_POS
གྱུར་	གྱུར་	VERB
༔		PUNCT
མ་	མ་	PART
ལུས་སེམས་	ལུས་སེམས་	NOUN
ཅན་	ཅན་	PART
ཀུན་	ཀུན་	DET
གྱི་	གི་	PART
མགོན་	མགོན་	NOUN
གྱུར་	གྱུར་	VERB
ཅིང་	ཅིང་	PART
།		PUNCT
		
།		PUNCT
བདུད་	བདུད་	NOUN
སྡེ་	སྡེ་	NOUN
དཔུང་	དཔུང་	NOUN
བཅའ་	བཅའ་	VERB
མི་ཟད་	མི་ཟད་	NO_POS
འཇོམས་	འཇོམས་	NO_POS
མཛད་	མཛད་	VERB
ལྷ་	ལྷ་	NOUN
།		PUNCT
		
།		PUNCT
དངོ་	དངོ་	NOUN
རྣམས་	རྣམས་	DET
མ་	མ་	PART
ལུས་	ལུས་	NOUN
ཇི་བཞིན་	ཇི་བཞིན་	OTHER
མཁྱེན་	མཁྱེན་	VERB
གྱུར་པ་	གྱུར་པ་	VERB
འི་	གི་	PART
།		PUNCT
		
།		PUNCT
བཅོམ་ལྡན་	བཅོམ་ལྡན་	NOUN
འཁོར་བཅས་	འཁོར་བཅས་	ADJ
གནས་	གནས་	NOUN
འདི་	འདི་	DET
ར་	ལ་	PART
གཤེགས་	གཤེགས་	VERB
སུ་	ལ་	PART
གསོལ་	གསོལ་	VERB
།		PUNCT
		
།		PUNCT
པདྨ་	པདྨ་	NOUN
ཀ་	ཀ་	DET
མ་	མ་	PART
ལཱ་	ལཱ་	NO_POS
ཡ་	ཡ་	NOUN
སྟྭཾ་		NON_WORD
།		PUNCT
		
བཛྲ་	བཛྲ་	NO_POS
ས་	ས་	ADP
མཱ་	མཱ་	NO_POS
ཛཿ་		NON_WORD
		
ཛཿ་		NON_WORD
ཧཱུྃ་		NON_WORD
བྃ་		NON_WORD
ཧོཿ་		NON_WORD
		
ཨ་	ཨ་	X
ཏི་	ཏི་	NO_POS
པུ་	པུ་	NO_POS
ཧོ་	ཧོ་	NO_POS
༔		PUNCT
		
པྲ་	པྲ་	NOUN
ཏཱི་		NON_WORD
ཙྪ་		NON_WORD
ཧོཿ་		NON_WORD
		
༔		PUNCT
		
དངོ་	དངོ་	NOUN
འབྱོར་	འབྱོར་	VERB
ཡིད་	ཡིད་	NOUN
ལ་	ལ་	ADP
ས་	གིས་	PART
བྱུང་བ་	བྱུང་བ་	VERB
ཡི་	གི་	PART
༔		PUNCT
ཀུན་	ཀུན་	DET
ཏུ་	ལ་	PART
བཟང་པོ་	བཟང་པོ་	ADJ
འི་	གི་	PART
མཆོད་སྤྲིན་	མཆོད་སྤྲིན་	OTHER
གྱིས་	གིས་	PART
༔		PUNCT
ཆོས་དབྱིངས་	ཆོས་དབྱིངས་	NOUN
རྒྱས་པ་	རྒྱས་པ་	VERB
ར་	ལ་	PART
བཀང་	བཀང་	VERB
བྱ་	བྱ་	VERB
ཏེ་	སྟེ་	PART
༔		PUNCT
འཆི་མེད་	འཆི་མེད་	NOUN
ཚེ་	ཚེ་	NOUN
ཡི་	གི་	PART
ལྷ་ཚོགས་	ལྷ་ཚོགས་	NOUN
མཆོད་	མཆོད་	VERB
༔		PUNCT
		
བཛྲ་	བཛྲ་	NO_POS
ཨརྒྷཾཿ་		NON_WORD
		
པཱདྱཾཿ་		NON_WORD
		
པུཥྤེཿ་		NON_WORD
		
དྷཱུ་		NON_WORD
པེཿ་		NON_WORD
		
ཨཱ་	ཨཱ་	NO_POS
ལོ་	གོ་	PART
ཀེཿ་		NON_WORD
		
གནྡྷེཿ་		NON_WORD
		
ནཻ་		NON_WORD
ཝི་		NON_WORD
དྱཿ་		NON_WORD
		
ཤབྡཿ་		NON_WORD
		
		
ཨཱཿ་		NON_WORD
ཧཱུྃཿ་		NON_WORD
ཤ་ཁྲག་	ཤ་ཁྲག་	NOUN
དྲོད་	དྲོད་	NOUN
དབུགས་	དབུགས་	NOUN
སེམས་	སེམས་	NOUN
དང་	དང་	NO_POS
བཅའ་	བཅའ་	VERB
༔		PUNCT
ཡོངས་སུ་	ཡོངས་སུ་	NO_POS
རྫོགས་པ་	རྫོགས་པ་	VERB
འི་	གི་	PART
སྲོག་ཆགས་	སྲོག་ཆགས་	NOUN
རྣམས་	རྣམས་	DET
༔		PUNCT
ངོ་བོ་	ངོ་བོ་	NOUN
གདོད་	གདོད་	NO_POS
ན་	ནས་	PART
ཡུམ་	ཡུམ་	NOUN
ལྔ་	ལྔ་	NUM
འི་	གི་	PART
དངོ་	དངོ་	NOUN
༔		PUNCT
རྣམ་པ་	རྣམ་པ་	NOUN
རིགས་	རིགས་	NOUN
ལྔ་	ལྔ་	NUM
འི་	གི་	PART
ཕུང་པོ་	ཕུང་པོ་	NOUN
ནི་	ནི་	NO_POS
༔		PUNCT
རང་རང་	རང་རང་	NO_POS
བྱད་གཟུགས་	བྱད་གཟུགས་	NOUN
ཡོངས་རྫོགས་པ་	ཡོངས་རྫོགས་པ་	OTHER
༔		PUNCT
འདོད་ཡོན་	འདོད་ཡོན་	NOUN
དཔག་མེད་	དཔག་མེད་	ADJ
འཕྲོ་བ་	འཕྲོ་བ་	VERB
རྣམས་	རྣམས་	DET
༔		PUNCT
རིགས་	རིགས་	NOUN
ལྔ་	ལྔ་	NUM
ཚེ་	ཚེ་	NOUN
ཡི་	གི་	PART
དཀྱིལ་འཁོར་	དཀྱིལ་འཁོར་	NOUN
ལྷ་	ལྷ་	NOUN
ར་	ལ་	PART
༔		PUNCT
གུས་པ་	གུས་པ་	VERB
འི་	གི་	PART
ཚུལ་	ཚུལ་	NOUN
གྱིས་	གིས་	PART
འབུལ་	འབུལ་	NO_POS
ལགས་	ལགས་	AUX
ན་	ལ་	PART
༔		PUNCT
དགྱེས་པ་	དགྱེས་པ་	VERB
ཆེན་པོ་	ཆེན་པོ་	ADJ
ས་	གིས་	PART
རབ་	རབ་	ADV
བཞེས་	བཞེས་	VERB
ན་	ནས་	PART
༔		PUNCT
གནས་སྐབས་	གནས་སྐབས་	NOUN
འཆི་བ་	འཆི་བ་	VERB
འི་	གི་	PART
འཇིགས་པ་	འཇིགས་པ་	VERB
དང་	དང་	NO_POS
༔		PUNCT
མཐར་ཐུག་	མཐར་ཐུག་	NOUN
འཁོར་བ་	འཁོར་བ་	NOUN
ངན་སོང་	ངན་སོང་	NOUN
གི་	གི་	PART
༔		PUNCT
སྡུག་བསྔལ་	སྡུག་བསྔལ་	NOUN
ཀུན་	ཀུན་	DET
ལ་	ལ་	ADP
ས་	གིས་	PART
བསྐྱབ་	བསྐྱབ་	NO_POS
མཛད་	མཛད་	VERB
གསོལ་	གསོལ་	VERB
༔		PUNCT
ཞེ་	ཅེས་	PART
དང་	དང་	NO_POS
།		PUNCT
		
ཚེ་	ཚེ་	NOUN
དཔག་མེད་	དཔག་མེད་	ADJ
རིགས་	རིགས་	NOUN
ལྔ་	ལྔ་	NUM
འི་	གི་	PART
སྔགས་	སྔགས་	NOUN
།		PUNCT
		
བུདྡྷ་		NON_WORD
ཨཱ་	ཨཱ་	NO_POS
ཡུཛྙཱ་		NON_WORD
ན་	ལ་	PART
ཚེ་	ཚེ་	NOUN
བྷྲུྃ་		NON_WORD
༔		PUNCT
		
		
བཛྲ་	བཛྲ་	NO_POS
ཨཱ་	ཨཱ་	NO_POS
ཡུཛྙཱ་		NON_WORD
ན་	ལ་	PART
ཚེ་	ཚེ་	NOUN
བྷྲུྃ་		NON_WORD
༔		PUNCT
		
		
རཏྣ་		NON_WORD
ཨཱ་	ཨཱ་	NO_POS
ཡུཛྙཱན་		NON_WORD
ཚེ་	ཚེ་	NOUN
བྷྲུྃ་		NON_WORD
༔		PUNCT
		
		
པདྨ་	པདྨ་	NOUN
ཨཱ་	ཨཱ་	NO_POS
ཡུཛྙཱ་		NON_WORD
ན་	ལ་	PART
ཚེ་	ཚེ་	NOUN
བྷྲུྃ་		NON_WORD
༔		PUNCT
		
ཀརྨ་	ཀརྨ་	NO_POS
ཨཱ་	ཨཱ་	NO_POS
ཡུཛྙཱན་		NON_WORD
ཚེ་	ཚེ་	NOUN
བྷྲུྃ་		NON_WORD
༔		PUNCT
ཞེ་	ཅེས་	PART
དང་	དང་	NO_POS
ཚེ་	ཚེ་	NOUN
གཟུངས་	གཟུངས་	NOUN
།		PUNCT
		
ན་མོ་	ན་མོ་	X
བྷ་	བྷ་	NO_POS
ག་	ག་	PRON
ཝ་	ཝ་	OTHER
ཏེ་	སྟེ་	PART
།		PUNCT
		
ཨ་པ་	ཨ་པ་	OTHER
རི་	རི་	NOUN
མི་	མི་	PART
ཏ་	ཏ་	OTHER
ཨཱ་	ཨཱ་	NO_POS
ཡུརྫྙཱ་		NON_WORD
ན་	ལ་	PART
སུ་	ལ་	PART
བི་	བི་	NO_POS
ནི་	ནི་	NO_POS
ཤྩི་		NON_WORD
ཏ་	ཏ་	OTHER
ཏེ་	སྟེ་	PART
ཛྭ་		NON_WORD
རཱ་	རཱ་	NO_POS
ཛཱ་	ཛཱ་	NO_POS
ཡ་	ཡ་	NOUN
།		PUNCT
		
ཏ་	ཏ་	OTHER
ཐཱ་		NON_WORD
ག་	ག་	PRON
ཏཱ་	ཏཱ་	NO_POS
ཡ་	ཡ་	NOUN
།		PUNCT
		
ཨརྷ་		NON_WORD
ཏེ་	སྟེ་	PART
སམྱཀྶཾ་		NON_WORD
བུདྡྷཱ་		NON_WORD
ཡ་	ཡ་	NOUN
།		PUNCT
ཏདྱ་		NON_WORD
ཐཱ་		NON_WORD
།		PUNCT
		
		
པུཎྱེ་		NON_WORD
པུཎྱེ་		NON_WORD
།		PUNCT
		
མ་	མ་	PART
ཧཱ་		NON_WORD
པུཎྱེ་		NON_WORD
།		PUNCT
		
ཨ་པ་	ཨ་པ་	OTHER
རི་	རི་	NOUN
མི་	མི་	PART
ཏ་	ཏ་	OTHER
པུཎྱེ་		NON_WORD
།		PUNCT
		
ཨ་པ་	ཨ་པ་	OTHER
རི་	རི་	NOUN
མི་	མི་	PART
ཏ་	ཏ་	OTHER
པུཎྱེ་		NON_WORD
ཛྙཱ་ན་	ཛྙཱ་ན་	PROPN
སཾ་		NON_WORD
བྷཱ་		NON_WORD
རོ་པ་	རོ་པ་	NOUN
ཙི་	ཙི་	NO_POS
ཏེ་	སྟེ་	PART
།		PUNCT
		
སརྦ་	སརྦ་	NO_POS
སཾ་		NON_WORD
སྐཱ་		NON_WORD
ར་པ་	ར་པ་	ADP
རི་	རི་	NOUN
ཤུདྡྷ་		NON_WORD
དྷརྨཱ་		NON_WORD
ཏེ་	སྟེ་	PART
ག་	ག་	PRON
ག་	ག་	PRON
ན་	ལ་	PART
ས་	ས་	ADP
མུངྒ་		NON_WORD
ཏེ་	སྟེ་	PART
སྭ་		NON_WORD
བྷཱ་		NON_WORD
ཝ་	ཝ་	OTHER
བི་	བི་	NO_POS
ཤུདྡྷེ་		NON_WORD
མ་	མ་	PART
ཧཱ་		NON_WORD
ན་	ལ་	PART
ཡ་པ་	ཡ་པ་	NO_POS
རི་	རི་	NOUN
ཝ་	ཝ་	OTHER
རེ་	རེ་	DET
སྭཱཧཱ་		NON_WORD
"།
།"		PUNCT
ཞེ་	ཅེས་	PART
བཟླ་	བཟླ་	NO_POS
།		PUNCT
བདག་	བདག་	PRON
གི་	གི་	PART
ཐུགས་	ཐུགས་	NOUN
ན་	ནས་	PART
འོད་འཕྲོ་	འོད་འཕྲོ་	NO_POS
ས་པ་	ས་པ་	PART
ས་	གིས་	PART
༔		PUNCT
མདུན་བསྐྱེད་	མདུན་བསྐྱེད་	NOUN
རྒྱུད་	རྒྱུད་	NOUN
བསྐུལ་	བསྐུལ་	VERB
འོད་ཟེར་	འོད་ཟེར་	NOUN
གྱིས་	གིས་	PART
༔		PUNCT
སྲིད་ཞི་	སྲིད་ཞི་	NOUN
འི་	གི་	PART
ཁམས་	ཁམས་	NOUN
ཀྱི་	གི་	PART
ཚེ་བཅུད་	ཚེ་བཅུད་	NO_POS
དང་	དང་	NO_POS
༔		PUNCT
ཁྱད་པར་	ཁྱད་པར་	NOUN
འབྱུང་	འབྱུང་	VERB
ལྔ་	ལྔ་	NUM
འི་	གི་	PART
དྭངས་	དྭངས་	NO_POS
བཅུད་	བཅུད་	NOUN
ཀུན་	ཀུན་	DET
༔		PUNCT
བསྡུ་	བསྡུ་	VERB
ཏེ་	སྟེ་	PART
བདག་	བདག་	PRON
དང་	དང་	NO_POS
བསྒྲུབ་བྱ་	བསྒྲུབ་བྱ་	VERB
ར་	ལ་	PART
ཐིམ་	ཐིམ་	NO_POS
༔		PUNCT
ཁམས་	ཁམས་	NOUN
ལྔ་	ལྔ་	NUM
ཉམས་པ་	ཉམས་པ་	VERB
སོར་ཆུད་	སོར་ཆུད་	NO_POS
ན་	ནས་	PART
༔		PUNCT
རིགས་	རིགས་	NOUN
ལྔ་	ལྔ་	NUM
འི་	གི་	PART
ཚེ་དབང་	ཚེ་དབང་	PROPN
ཐོབ་པ་	ཐོབ་པ་	VERB
ར་	ལ་	PART
གྱུར་	གྱུར་	VERB
༔		PUNCT
ཞེ་	ཅེས་	PART
བརྗོད་	བརྗོད་	VERB
ཅིང་	ཅིང་	PART
བསམ་	བསམ་	NOUN
།		PUNCT
		
མཐ་	མཐའ་	NOUN
ར་	ལ་	PART
།		PUNCT
		
བཛྲ་	བཛྲ་	NO_POS
ཨརྒྷཾ་		NON_WORD
པཱདྱཾ་		NON_WORD
པུཥྤེ་		NON_WORD
དྷཱུ་		NON_WORD
པེ་	པེ་	NO_POS
ཨཱ་	ཨཱ་	NO_POS
ལོ་	གོ་	PART
ཀེ་	ཀེ་	PROPN
གནྡྷེ་		NON_WORD
ནཻ་		NON_WORD
ཝི་		NON_WORD
དྱ་		NON_WORD
ཤབྡ་		NON_WORD
		
ཨཱཿ་		NON_WORD
ཧཱུྃཿ་		NON_WORD
ཞེ་	ཅེས་	PART
མཆོད་	མཆོད་	VERB
།		PUNCT
		
བསྟོད་པ་	བསྟོད་པ་	VERB
ནི་	ནི་	NO_POS
།		PUNCT
ཡེ་ཤེས་	ཡེ་ཤེས་	NOUN
ལྔ་	ལྔ་	NUM
ཡི་	གི་	PART
ངོ་བོ་	ངོ་བོ་	NOUN
ཉིད་	ཉིད་	DET
༔		PUNCT
བཅོམ་ལྡན་	བཅོམ་ལྡན་	NOUN
རིགས་	རིགས་	NOUN
ལྔ་	ལྔ་	NUM
ཚེ་	ཚེ་	NOUN
དཔག་མེད་	དཔག་མེད་	ADJ
༔		PUNCT
ཁམས་	ཁམས་	NOUN
ལྔ་	ལྔ་	NUM
རྣམ་དག་	རྣམ་དག་	ADJ
ཡུམ་	ཡུམ་	NOUN
དང་	དང་	NO_POS
སྦྱོར་	སྦྱོར་	VERB
༔		PUNCT
ཚེ་	ཚེ་	NOUN
བདག་	བདག་	PRON
རིགས་	རིགས་	NOUN
ལྔ་	ལྔ་	NUM
འི་	གི་	PART
ཚོགས་	ཚོགས་	NOUN
ལ་	ལ་	PART
བསྟོད་	བསྟོད་	VERB
༔		PUNCT
བཅོམ་ལྡན་	བཅོམ་ལྡན་	NOUN
ཚེ་	ཚེ་	NOUN
ཡི་	གི་	PART
ལྷ་ཚོགས་	ལྷ་ཚོགས་	NOUN
ཀྱིས་	གིས་	PART
༔		PUNCT
བདག་	བདག་	PRON
དང་	དང་	NO_POS
མཐའ་	མཐའ་	NOUN
ཡ་		
སེམས་ཅན་	སེམས་ཅན་	NOUN
རྣམས་	རྣམས་	DET
༔		PUNCT
ཚེ་བསོད་	ཚེ་བསོད་	NO_POS
ཉམས་པ་	ཉམས་པ་	VERB
སོར་ཆུད་	སོར་ཆུད་	NO_POS
ན་	ནས་	PART
༔		PUNCT
རིགས་	རིགས་	NOUN
ལྔ་	ལྔ་	NUM
འི་	གི་	PART
ཚེ་དབང་	ཚེ་དབང་	PROPN
དངོས་གྲུབ་	དངོས་གྲུབ་	NOUN
སྩོལ་	སྩོལ་	VERB
༔		PUNCT
ཅེས་	ཅེས་	PART
བསྟོད་	བསྟོད་	VERB
ཅིང་	ཅིང་	PART
གསོལ་བ་	གསོལ་བ་	VERB
གདབ་	གདབ་	NO_POS
མཐ་	མཐའ་	NOUN
ར་	ལ་	PART
།		PUNCT
མདུན་	མདུན་	NOUN
གྱི་	གི་	PART
ནམ་མཁ་	ནམ་མཁའ་	NOUN
ར་	ལ་	PART
བཞུགས་པ་	བཞུགས་པ་	VERB
འི་	གི་	PART
འཆི་མེད་	འཆི་མེད་	NOUN
ཚེ་	ཚེ་	NOUN
ཡི་	གི་	PART
དཀྱིལ་འཁོར་	དཀྱིལ་འཁོར་	NOUN
རྟེན་	རྟེན་	NOUN
དང་	དང་	NO_POS
བརྟེན་པ་	བརྟེན་པ་	VERB
ར་	ལ་	PART
བཅས་པ་	བཅས་པ་	VERB
བདེ་བ་	བདེ་བ་	VERB
ཆེན་པོ་	ཆེན་པོ་	ADJ
འི་	གི་	PART
ངོ་བོ་	ངོ་བོ་	NOUN
ར་	ལ་	PART
འོད་	འོད་	NOUN
དུ་	ལ་	PART
ཞུ་	ཞུ་	VERB
།		PUNCT
བདག་	བདག་	PRON
དང་	དང་	NO_POS
བསྒྲུབ་བྱ་	བསྒྲུབ་བྱ་	VERB
ལ་	ལ་	PART
ཐིམ་པ་	ཐིམ་པ་	VERB
ས་	གིས་	PART
ཁམས་	ཁམས་	NOUN
ལྔ་	ལྔ་	NUM
ཉམས་པ་	ཉམས་པ་	VERB
སོར་ཆུད་	སོར་ཆུད་	NO_POS
།		PUNCT
		
རིགས་	རིགས་	NOUN
ལྔ་	ལྔ་	NUM
འི་	གི་	PART
ཚེ་	ཚེ་	NOUN
དང་	དང་	NO_POS
ཡེ་ཤེས་	ཡེ་ཤེས་	NOUN
ཀྱི་	གི་	PART
དངོས་གྲུབ་	དངོས་གྲུབ་	NOUN
མ་ལུས་པ་	མ་ལུས་པ་	OTHER
ཐོབ་པ་	ཐོབ་པ་	VERB
ར་	ལ་	PART
གྱུར་	གྱུར་	VERB
།		PUNCT
ཅེས་	ཅེས་	PART
བརྗོད་	བརྗོད་	VERB
ཅིང་	ཅིང་	PART
ངེས་ཤེས་	ངེས་ཤེས་	NOUN
བསྐྱེད་	བསྐྱེད་	VERB
།		PUNCT
		
འདི་	འདི་	DET
ནི་	ནི་	NO_POS
གང་ཟག་	གང་ཟག་	NOUN
གང་ཞིག་	གང་ཞིག་	NO_POS
ཁམས་	ཁམས་	NOUN
ལྔ་	ལྔ་	NUM
འི་	གི་	PART
སྒོ་	སྒོ་	NOUN
ན་	ནས་	PART
ཚེ་	ཚེ་	NOUN
ཉམས་པ་	ཉམས་པ་	VERB
གཅིག་	གཅིག་	NUM
ཅ་	ཅ་	OTHER
ར་	ལ་	PART
དུ་	ལ་	PART
གསོ་བ་	གསོ་བ་	VERB
འི་	གི་	PART
ཐབས་	ཐབས་	NOUN
ཁྱད་པར་	ཁྱད་པར་	NOUN
དུ་	ལ་	PART
འཕགས་པ་	འཕགས་པ་	VERB
ཡིན་	ཡིན་	NO_POS
ལ་	ལ་	PART
།		PUNCT
དེ་	དེ་	DET
འང་	ཀྱང་	PART
བསྒྲུབ་བྱ་	བསྒྲུབ་བྱ་	VERB
དུས་	དུས་	NOUN
མིན་	མིན་	AUX
གྱི་	གི་	PART
འཆི་བ་	འཆི་བ་	VERB
ཟློག་	ཟློག་	VERB
ཅིང་	ཅིང་	PART
ཚེ་	ཚེ་	NOUN
འི་	གི་	PART
རིམ་གྲོ་	རིམ་གྲོ་	NOUN
གཙོ་	གཙོ་	NOUN
ར་	ལ་	PART
བྱེད་	བྱེད་	VERB
ན་	ལ་	PART
།		PUNCT
དུད་འགྲོ་	དུད་འགྲོ་	NOUN
གསོད་	གསོད་	NO_POS
དུ་	ལ་	PART
ཉེ་བ་	ཉེ་བ་	VERB
འམ་	གམ་	PART
གསོད་པ་	གསོད་པ་	VERB
ར་	ལ་	PART
འོས་པ་	འོས་པ་	VERB
ལོ་	གོ་	PART
གྲངས་	གྲངས་	NOUN
སམ་	གམ་	PART
དེ་	དེ་	DET
འི་	གི་	PART
སུམ་འགྱུར་	སུམ་འགྱུར་	NO_POS
ལ་སོགས་པ་	ལ་སོགས་པ་	NO_POS
ཆོ་ག་	ཆོ་ག་	NOUN
འདི་ཉིད་	འདི་ཉིད་	OTHER
ཀྱིས་	གིས་	PART
ཚ་	ཚ་	VERB
གྲངས་	གྲངས་	NOUN
གང་	གང་	NO_POS
འགྲུབ་	འགྲུབ་	VERB
འབུལ་	འབུལ་	NO_POS
ལ་	ལ་	PART
དམིགས་	དམིགས་	VERB
བཟླས་	བཟླས་	NO_POS
ནན་ཏན་	ནན་ཏན་	NOUN
བྱ་	བྱ་	VERB
།		PUNCT
དཔྲལ་བ་	དཔྲལ་བ་	NOUN
ར་	ལ་	PART
མ་	མ་	NOUN
གྱི་	གི་	PART
ཉི་ཟླ་	ཉི་ཟླ་	NOUN
ས་	གིས་	PART
བརྒྱན་	བརྒྱན་	VERB
།		PUNCT
		
མཐ་	མཐའ་	NOUN
ར་	ལ་	PART
སྨོན་ལམ་	སྨོན་ལམ་	NOUN
དང་	དང་	NO_POS
ཤིས་བརྗོད་	ཤིས་བརྗོད་	OTHER
རྒྱས་པ་	རྒྱས་པ་	VERB
ར་	ལ་	PART
སྤེལ་	སྤེལ་	VERB
ལ་	ལ་	PART
མེ་ཏོག་	མེ་ཏོག་	NOUN
འཐོར་	འཐོར་	VERB
རོ་	རོ་	NOUN
"།།

༈"		PUNCT
		
ཡང་	ཀྱང་	PART
ཁྱིམ་ལྷ་	ཁྱིམ་ལྷ་	NO_POS
དང་	དང་	NO_POS
དགྲ་	དགྲ་	NOUN
བླ་རི་	བླ་རི་	NO_POS
འབུལ་	འབུལ་	NO_POS
ལ་སོགས་པ་	ལ་སོགས་པ་	NO_POS
དང་	དང་	NO_POS
འབྲེལ་བ་	འབྲེལ་བ་	VERB
འི་	གི་	PART
ཚེ་ཐར་	ཚེ་ཐར་	OTHER
གཏང་	གཏང་	NO_POS
ན་	ལ་	PART
།		PUNCT
		
རྒྱན་	རྒྱན་	NOUN
གྱིས་	གིས་	PART
བརྒྱན་	བརྒྱན་	VERB
ལ་	ལ་	PART
བསང་	བསང་	OTHER
སྦྱང་	སྦྱང་	VERB
།		PUNCT
སྟོང་པ་	སྟོང་པ་	VERB
འི་	གི་	PART
ངང་	ངང་	NOUN
ལ་	ལ་	ADP
ས་	གིས་	PART
ཏི་	ཏི་	NO_POS
ཡིག་	ཡིག་	NOUN
ལ་	ལ་	ADP
ས་	གིས་	PART
བྱུང་བ་	བྱུང་བ་	VERB
འི་	གི་	PART
སྲོག་ཆགས་	སྲོག་ཆགས་	NOUN
སྐྱེ་མཆེད་	སྐྱེ་མཆེད་	NOUN
གཟུགས་བྱད་	གཟུགས་བྱད་	NOUN
མཛེ་	མཛེ་	VERB
ཤིང་	ཅིང་	PART
ཡིད་	ཡིད་	NOUN
དུ་	ལ་	PART
འོང་	འོང་	VERB
ལ་	ལ་	PART
ཉམས་སྟོབས་	ཉམས་སྟོབས་	NO_POS
དང་	དང་	NO_POS
ལྡན་པ་	ལྡན་པ་	VERB
།		PUNCT
ཁ་	ཁ་	PRON
རླངས་	རླངས་	OTHER
དང་	དང་	NO_POS
སྤུ་	སྤུ་	NOUN
ལ་	ལ་	ADP
ས་	གིས་	PART
འདོད་ཡོན་	འདོད་ཡོན་	NOUN
སྣ་ཚོགས་	སྣ་ཚོགས་	DET
ཀྱི་	གི་	PART
སྤྲིན་	སྤྲིན་	NOUN
འཕྲོ་བ་	འཕྲོ་བ་	VERB
།		PUNCT
		
གཅིག་	གཅིག་	NUM
ལ་	ལ་	ADP
ས་	གིས་	PART
བརྒྱ་	བརྒྱ་	NUM
སྟོང་	སྟོང་	NUM
དུ་མ་	དུ་མ་	ADJ
འཕེལ་བ་	འཕེལ་བ་	VERB
ས་	གིས་	PART
ཀུན་	ཀུན་	DET
ཏུ་	ལ་	PART
ཁྱབ་པ་	ཁྱབ་པ་	VERB
།		PUNCT
ལྷ་སྲུང་	ལྷ་སྲུང་	OTHER
རྣམས་	རྣམས་	DET
ཀྱི་	གི་	PART
དབང་པོ་	དབང་པོ་	NOUN
དྲུག་	དྲུག་	NUM
གི་	གི་	PART
སྤྱོད་ཡུལ་	སྤྱོད་ཡུལ་	NOUN
དུ་	ལ་	PART
དགྱེས་	དགྱེས་	NO_POS
རྒུ་	རྒུ་	VERB
འི་	གི་	PART
ལོངས་སྤྱོད་	ལོངས་སྤྱོད་	NOUN
ཀྱིས་	གིས་	PART
མཉེས་པ་	མཉེས་པ་	VERB
ར་	ལ་	PART
བྱེད་པ་	བྱེད་པ་	VERB
ར་	ལ་	PART
གྱུར་	གྱུར་	VERB
།		PUNCT
ན་	ལ་	PART
མཿ་		NON_WORD
སརྦ་	སརྦ་	NO_POS
ཏ་	ཏ་	OTHER
ཐཱ་		NON_WORD
ག་	ག་	PRON
ཏེ་	སྟེ་	PART
བྷྱོ་		NON_WORD
བི་	བི་	NO_POS
ཤྭ་	ཤྭ་	NO_POS
མུ་	མུ་	NOUN
ཁེ་	ཁེ་	NOUN
བྷྱཿ་		NON_WORD
སརྦ་	སརྦ་	NO_POS
ཐཱ་		NON_WORD
ཁཾ་		NON_WORD
ཨུཏྒ་		NON_WORD
ཏེ་	སྟེ་	PART
སྥ་		NON_WORD
ར་	ར་	ADP
ཎ་		NON_WORD
ཨི་	ཨི་	NO_POS
མཾ་	མཾ་	NO_POS
ག་	ག་	PRON
ག་	ག་	PRON
ན་	ལ་	PART
ཁཾ་		NON_WORD
སྭཱ་		NON_WORD
ཧཱ་		NON_WORD
།		PUNCT
ཞེ་	ཅེས་	PART
ནམ་མཁའ་	ནམ་མཁའ་	NOUN
མཛོད་	མཛོད་	NOUN
ཀྱི་	གི་	PART
སྔགས་རྒྱ་	སྔགས་རྒྱ་	NO_POS
དང་	དང་	NO_POS
།		PUNCT
ཨོཾ་	ཨོཾ་	X
བཛྲ་	བཛྲ་	NO_POS
སྥ་		NON_WORD
ར་	ར་	ADP
ཎ་		NON_WORD
ཁཾ་		NON_WORD
།		PUNCT
ཞེས་་	ཞེས་པ་	PART
ས་	གིས་	PART
བྱིན་	བྱིན་	VERB
བརླབས་	བརླབས་	NO_POS
ལ་	ལ་	PART
།		PUNCT
ཀྱེ་	ཀྱེ་	INTJ
༔		PUNCT
		
མི་	མི་	PART
ཡི་	གི་	PART
ནོར་	ནོར་	NOUN
མཆོག་	མཆོག་	ADJ
རྐང་བཞི་པ་	རྐང་བཞི་པ་	NO_POS
༔		PUNCT
འཕྲལ་	འཕྲལ་	ADV
དང་	དང་	NO_POS
ཡུན་	ཡུན་	NOUN
གྱི་	གི་	PART
བདེ་	བདེ་	VERB
འཐོབ་	འཐོབ་	VERB
ཕྱི་	ཕྱི་	OTHER
༔		PUNCT
དཀོན་མཆོག་	དཀོན་མཆོག་	NOUN
གསུམ་	གསུམ་	NUM
ལ་	ལ་	PART
སྐྱབས་	སྐྱབས་	NOUN
བཙལ་	བཙལ་	NO_POS
ལོ་	གོ་	PART
༔		PUNCT
མཆོག་	མཆོག་	ADJ
གསུམ་	གསུམ་	NUM
ཐུགས་རྗེ་	ཐུགས་རྗེ་	NOUN
ས་	གིས་	PART
སྐྱོབ་པ་	སྐྱོབ་པ་	VERB
ར་	ལ་	PART
མཛོད་	མཛོད་	NOUN
༔		PUNCT
རྩ་བ་	རྩ་བ་	NOUN
གསུམ་	གསུམ་	NUM
ལ་	ལ་	PART
གུ་	གུ་	VERB
མཆོད་འབུལ་	མཆོད་འབུལ་	NOUN
༔		PUNCT
རྩ་	རྩ་	NUM
གསུམ་	གསུམ་	NUM
བྱིན་	བྱིན་	VERB
གྱིས་	གིས་	PART
བརླབ་	བརླབ་	NO_POS
ཏུ་	ལ་	PART
གསོལ་	གསོལ་	VERB
༔		PUNCT
ཆོས་སྐྱོང་	ཆོས་སྐྱོང་	NOUN
ནོར་ལྷ་	ནོར་ལྷ་	NO_POS
འི་	གི་	PART
རྟེན་	རྟེན་	NOUN
དུ་	ལ་	PART
འཛུག་		NON_WORD
༔		PUNCT
སྲུང་མ་	སྲུང་མ་	NOUN
ནོར་ལྷ་	ནོར་ལྷ་	NO_POS
ས་	གིས་	PART
དགྱེས་པ་	དགྱེས་པ་	VERB
ར་	ལ་	PART
བཞེས་	བཞེས་	VERB
༔		PUNCT
ཚེ་	ཚེ་	NOUN
དང་	དང་	NO_POS
ལྡན་པ་	ལྡན་པ་	VERB
འི་	གི་	PART
ཆེ་	ཆེ་	VERB
གེ་	གེ་	NO_POS
རྟ་	རྟ་	NOUN
སོགས་	སོགས་	DET
ཁ་	ཁ་	PRON
སྒྱུ་	སྒྱུ་	VERB
།		PUNCT
		
འདི་	འདི་	DET
ནི་	ནི་	NO_POS
༔		PUNCT
ལེ་	ལེ་	NO_POS
འུ་	འུ་	NO_POS
འི་	གི་	PART
ལྷ་	ལྷ་	NOUN
ལ་	ལ་	PART
འབུལ་བ་	འབུལ་བ་	VERB
ཡིན་	ཡིན་	NO_POS
༔		PUNCT
ཚེ་	ཚེ་	NOUN
ཡི་	གི་	PART
དམུ་	དམུ་	OTHER
ཐག་	ཐག་	VERB
ཡ་	ཡ་	OTHER
ལ་	ལ་	PART
དྲོངས་	དྲོངས་	VERB
༔		PUNCT
ཚེ་	ཚེ་	NOUN
དང་	དང་	NO_POS
བསོད་ནམས་	བསོད་ནམས་	NOUN
འཕེལ་བ་	འཕེལ་བ་	VERB
ར་	ལ་	PART
མཛོད་	མཛོད་	NOUN
༔		PUNCT
རྟག་	རྟག་	VERB
ཏུ་	ལ་	PART
ཚེ་	ཚེ་	NOUN
ཡི་	གི་	PART
རྫི་	རྫི་	VERB
འུ་	འུ་	NO_POS
མཛོད་	མཛོད་	NOUN
༔		PUNCT
ཚེ་	ཚེ་	NOUN
དང་	དང་	NO_POS
ལྡན་པ་	ལྡན་པ་	VERB
འི་	གི་	PART
ཆེ་	ཆེ་	VERB
གེ་	གེ་	NO_POS
འདི་	འདི་	DET
ནི་	ནི་	NO_POS
༔		PUNCT
དཔལ་	དཔལ་	OTHER
གྱི་	གི་	PART
ལྷ་	ལྷ་	NOUN
ལ་	ལ་	PART
འབུལ་བ་	འབུལ་བ་	VERB
ཡིན་	ཡིན་	NO_POS
༔		PUNCT
ཚེ་	ཚེ་	NOUN
ཡི་	གི་	PART
དམུ་	དམུ་	OTHER
ཐག་	ཐག་	VERB
ཡ་	ཡ་	OTHER
ལ་	ལ་	PART
དྲོངས་	དྲོངས་	VERB
༔		PUNCT
ཚེ་	ཚེ་	NOUN
དང་	དང་	NO_POS
བསོད་ནམས་	བསོད་ནམས་	NOUN
འཕེལ་བ་	འཕེལ་བ་	VERB
ར་	ལ་	PART
མཛོད་	མཛོད་	NOUN
༔		PUNCT
རྟག་	རྟག་	VERB
ཏུ་	ལ་	PART
ཚེ་	ཚེ་	NOUN
ཡི་	གི་	PART
རྫི་	རྫི་	VERB
འུ་	འུ་	NO_POS
མཛོད་	མཛོད་	NOUN
༔		PUNCT
ཚེ་	ཚེ་	NOUN
དང་	དང་	NO_POS
ལྡན་པ་	ལྡན་པ་	VERB
འི་	གི་	PART
ཆེ་	ཆེ་	VERB
གེ་	གེ་	NO_POS
འདི་	འདི་	DET
ནི་	ནི་	NO_POS
༔		PUNCT
བསོད་ནམས་	བསོད་ནམས་	NOUN
ལྷ་	ལྷ་	NOUN
ལ་	ལ་	PART
འབུལ་བ་	འབུལ་བ་	VERB
ཡིན་	ཡིན་	NO_POS
༔		PUNCT
ཚེ་	ཚེ་	NOUN
ཡི་	གི་	PART
དམུ་	དམུ་	OTHER
ཐག་	ཐག་	VERB
ཡ་	ཡ་	OTHER
ལ་	ལ་	PART
དྲོངས་	དྲོངས་	VERB
༔		PUNCT
ཚེ་	ཚེ་	NOUN
དང་	དང་	NO_POS
བསོད་ནམས་	བསོད་ནམས་	NOUN
འཕེལ་བ་	འཕེལ་བ་	VERB
ར་	ལ་	PART
མཛོད་	མཛོད་	NOUN
༔		PUNCT
རྟག་	རྟག་	VERB
ཏུ་	ལ་	PART
ཚེ་	ཚེ་	NOUN
ཡི་	གི་	PART
རྫི་	རྫི་	VERB
འུ་	འུ་	NO_POS
མཛོད་	མཛོད་	NOUN
༔		PUNCT
ཚེ་	ཚེ་	NOUN
དང་	དང་	NO_POS
ལྡན་པ་	ལྡན་པ་	VERB
འི་	གི་	PART
ཆེ་	ཆེ་	VERB
གེ་	གེ་	NO_POS
འདི་	འདི་	DET
ནི་	ནི་	NO_POS
༔		PUNCT
འགོ་བ་	འགོ་བ་	NO_POS
འི་	གི་	PART
ལྷ་	ལྷ་	NOUN
ལ་	ལ་	PART
འབུལ་བ་	འབུལ་བ་	VERB
ཡིན་	ཡིན་	NO_POS
༔		PUNCT
ཚེ་	ཚེ་	NOUN
ཡི་	གི་	PART
དམུ་	དམུ་	OTHER
ཐག་	ཐག་	VERB
ཡ་	ཡ་	OTHER
ལ་	ལ་	PART
དྲོངས་	དྲོངས་	VERB
༔		PUNCT
ཚེ་	ཚེ་	NOUN
དང་	དང་	NO_POS
བསོད་ནམས་	བསོད་ནམས་	NOUN
འཕེལ་བ་	འཕེལ་བ་	VERB
ར་	ལ་	PART
མཛོད་	མཛོད་	NOUN
༔		PUNCT
རྟག་	རྟག་	VERB
ཏུ་	ལ་	PART
ཚེ་	ཚེ་	NOUN
ཡི་	གི་	PART
རྫི་	རྫི་	VERB
འུ་	འུ་	NO_POS
མཛོད་	མཛོད་	NOUN
༔		PUNCT
ཚེ་	ཚེ་	NOUN
དང་	དང་	NO_POS
ལྡན་པ་	ལྡན་པ་	VERB
འི་	གི་	PART
ཆེ་	ཆེ་	VERB
གེ་	གེ་	NO_POS
འདི་	འདི་	DET
ནི་	ནི་	NO_POS
༔		PUNCT
དབང་ཐང་	དབང་ཐང་	NOUN
ལྷ་	ལྷ་	NOUN
ལ་	ལ་	PART
འབུལ་བ་	འབུལ་བ་	VERB
ཡིན་	ཡིན་	NO_POS
༔		PUNCT
ཚེ་	ཚེ་	NOUN
ཡི་	གི་	PART
དམུ་	དམུ་	OTHER
ཐག་	ཐག་	VERB
ཡ་	ཡ་	OTHER
ལ་	ལ་	PART
དྲོངས་	དྲོངས་	VERB
༔		PUNCT
ཚེ་	ཚེ་	NOUN
དང་	དང་	NO_POS
བསོད་ནམས་	བསོད་ནམས་	NOUN
འཕེལ་བ་	འཕེལ་བ་	VERB
ར་	ལ་	PART
མཛོད་	མཛོད་	NOUN
༔		PUNCT
རྟག་	རྟག་	VERB
ཏུ་	ལ་	PART
ཚེ་	ཚེ་	NOUN
ཡི་	གི་	PART
རྫི་	རྫི་	VERB
འུ་	འུ་	NO_POS
མཛོད་	མཛོད་	NOUN
༔		PUNCT
ཚེ་	ཚེ་	NOUN
དང་	དང་	NO_POS
ལྡན་པ་	ལྡན་པ་	VERB
འི་	གི་	PART
ཆེ་	ཆེ་	VERB
གེ་	གེ་	NO_POS
འདི་	འདི་	DET
ནི་	ནི་	NO_POS
༔		PUNCT
མགོན་པ་	མགོན་པ་	NOUN
འི་	གི་	PART
ལྷ་	ལྷ་	NOUN
ལ་	ལ་	PART
འབུལ་བ་	འབུལ་བ་	VERB
ཡིན་	ཡིན་	NO_POS
༔		PUNCT
ཚེ་	ཚེ་	NOUN
ཡི་	གི་	PART
དམུ་	དམུ་	OTHER
ཐག་	ཐག་	VERB
ཡ་	ཡ་	OTHER
ལ་	ལ་	PART
དྲོངས་	དྲོངས་	VERB
༔		PUNCT
ཚེ་	ཚེ་	NOUN
དང་	དང་	NO_POS
བསོད་ནམས་	བསོད་ནམས་	NOUN
འཕེལ་བ་	འཕེལ་བ་	VERB
ར་	ལ་	PART
མཛོད་	མཛོད་	NOUN
༔		PUNCT
རྟག་	རྟག་	VERB
ཏུ་	ལ་	PART
ཚེ་	ཚེ་	NOUN
ཡི་	གི་	PART
རྫི་	རྫི་	VERB
འུ་	འུ་	NO_POS
མཛོད་	མཛོད་	NOUN
༔		PUNCT
ཚེ་	ཚེ་	NOUN
དང་	དང་	NO_POS
ལྡན་པ་	ལྡན་པ་	VERB
འི་	གི་	PART
ཆེ་	ཆེ་	VERB
གེ་	གེ་	NO_POS
འདི་	འདི་	DET
ནི་	ནི་	NO_POS
༔		PUNCT
སྐྱོབ་པ་	སྐྱོབ་པ་	VERB
འི་	གི་	PART
ལྷ་	ལྷ་	NOUN
ལ་	ལ་	PART
འབུལ་བ་	འབུལ་བ་	VERB
ཡིན་	ཡིན་	NO_POS
༔		PUNCT
ཚེ་	ཚེ་	NOUN
ཡི་	གི་	PART
དམུ་	དམུ་	OTHER
ཐག་	ཐག་	VERB
ཡ་	ཡ་	OTHER
ལ་	ལ་	PART
དྲོངས་	དྲོངས་	VERB
༔		PUNCT
ཚེ་	ཚེ་	NOUN
དང་	དང་	NO_POS
བསོད་ནམས་	བསོད་ནམས་	NOUN
འཕེལ་བ་	འཕེལ་བ་	VERB
ར་	ལ་	PART
མཛོད་	མཛོད་	NOUN
༔		PUNCT
རྟག་	རྟག་	VERB
ཏུ་	ལ་	PART
ཚེ་	ཚེ་	NOUN
ཡི་	གི་	PART
རྫི་	རྫི་	VERB
འུ་	འུ་	NO_POS
མཛོད་	མཛོད་	NOUN
༔		PUNCT
ཚེ་	ཚེ་	NOUN
དང་	དང་	NO_POS
ལྡན་པ་	ལྡན་པ་	VERB
འི་	གི་	PART
ཆེ་	ཆེ་	VERB
གེ་	གེ་	NO_POS
འདི་	འདི་	DET
ནི་	ནི་	NO_POS
༔		PUNCT
ལོངས་སྤྱོད་	ལོངས་སྤྱོད་	NOUN
ལྷ་	ལྷ་	NOUN
ལ་	ལ་	PART
འབུལ་བ་	འབུལ་བ་	VERB
ཡིན་	ཡིན་	NO_POS
༔		PUNCT
ཚེ་	ཚེ་	NOUN
ཡི་	གི་	PART
དམུ་	དམུ་	OTHER
ཐག་	ཐག་	VERB
ཡ་	ཡ་	OTHER
ལ་	ལ་	PART
དྲོངས་	དྲོངས་	VERB
༔		PUNCT
ཚེ་	ཚེ་	NOUN
དང་	དང་	NO_POS
བསོད་ནམས་	བསོད་ནམས་	NOUN
འཕེལ་བ་	འཕེལ་བ་	VERB
ར་	ལ་	PART
མཛོད་	མཛོད་	NOUN
༔		PUNCT
རྟག་	རྟག་	VERB
ཏུ་	ལ་	PART
ཚེ་	ཚེ་	NOUN
ཡི་	གི་	PART
རྫི་	རྫི་	VERB
འུ་	འུ་	NO_POS
མཛོད་	མཛོད་	NOUN
༔		PUNCT
ཚེ་	ཚེ་	NOUN
དང་	དང་	NO_POS
ལྡན་པ་	ལྡན་པ་	VERB
འི་	གི་	PART
ཆེ་	ཆེ་	VERB
གེ་	གེ་	NO_POS
འདི་	འདི་	DET
ནི་	ནི་	NO_POS
༔		PUNCT
ཡུལ་	ཡུལ་	NOUN
གྱི་	གི་	PART
ལྷ་	ལྷ་	NOUN
ལ་	ལ་	PART
འབུལ་བ་	འབུལ་བ་	VERB
ཡིན་	ཡིན་	NO_POS
༔		PUNCT
ཚེ་	ཚེ་	NOUN
ཡི་	གི་	PART
དམུ་	དམུ་	OTHER
ཐག་	ཐག་	VERB
ཡ་	ཡ་	OTHER
ལ་	ལ་	PART
དྲོངས་	དྲོངས་	VERB
༔		PUNCT
ཚེ་	ཚེ་	NOUN
དང་	དང་	NO_POS
བསོད་ནམས་	བསོད་ནམས་	NOUN
འཕེལ་བ་	འཕེལ་བ་	VERB
ར་	ལ་	PART
མཛོད་	མཛོད་	NOUN
༔		PUNCT
རྟག་	རྟག་	VERB
ཏུ་	ལ་	PART
ཚེ་	ཚེ་	NOUN
ཡི་	གི་	PART
རྫི་	རྫི་	VERB
འུ་	འུ་	NO_POS
མཛོད་	མཛོད་	NOUN
༔		PUNCT
ཤ་	ཤ་	NOUN
འདི་	འདི་	DET
ས་	ས་	ADP
ཡི་	གི་	PART
ལྷ་	ལྷ་	NOUN
ཡི་	གིས་	PART
སྲུངས་	སྲུངས་	VERB
༔		PUNCT
སྲུང་མ་	སྲུང་མ་	NOUN
དེ་	སྟེ་	PART
ལ་	ལ་	PART
སྲུང་	སྲུང་	VERB
དུ་	ལ་	PART
བཙུག་		NON_WORD
༔		PUNCT
ཁྲག་	ཁྲག་	NOUN
འདི་	འདི་	DET
ཆུ་	ཆུ་	NOUN
ཡི་	གི་	PART
ལྷ་	ལྷ་	NOUN
ཡི་	གིས་	PART
སྲུངས་	སྲུངས་	VERB
༔		PUNCT
སྲུང་མ་	སྲུང་མ་	NOUN
དེ་	སྟེ་	PART
ལ་	ལ་	PART
སྲུང་	སྲུང་	VERB
དུ་	ལ་	PART
བཙུག་		NON_WORD
༔		PUNCT
དྲོད་	དྲོད་	NOUN
འདི་	འདི་	DET
མེ་	མེ་	NOUN
ཡི་	གི་	PART
ལྷ་	ལྷ་	NOUN
ཡི་	གིས་	PART
སྲུངས་	སྲུངས་	VERB
༔		PUNCT
སྲུང་མ་	སྲུང་མ་	NOUN
དེ་	སྟེ་	PART
ལ་	ལ་	PART
སྲུང་	སྲུང་	VERB
དུ་	ལ་	PART
བཙུག་		NON_WORD
༔		PUNCT
དབུགས་	དབུགས་	NOUN
འདི་	འདི་	DET
རླུང་	རླུང་	NOUN
གི་	གི་	PART
ལྷ་	ལྷ་	NOUN
ཡི་	གིས་	PART
སྲུངས་	སྲུངས་	VERB
༔		PUNCT
སྲུང་མ་	སྲུང་མ་	NOUN
དེ་	སྟེ་	PART
ལ་	ལ་	PART
སྲུང་	སྲུང་	VERB
དུ་	ལ་	PART
བཙུག་		NON_WORD
༔		PUNCT
སེམས་	སེམས་	NOUN
འདི་	འདི་	DET
ནམ་མཁ་	ནམ་མཁའ་	NOUN
འི་	གི་	PART
ལྷ་	ལྷ་	NOUN
ཡི་	གིས་	PART
སྲུངས་	སྲུངས་	VERB
༔		PUNCT
སྲུང་མ་	སྲུང་མ་	NOUN
དེ་	སྟེ་	PART
ལ་	ལ་	PART
སྲུང་	སྲུང་	VERB
དུ་	ལ་	PART
བཙུག་		NON_WORD
༔		PUNCT
དབྱེ་	དབྱེ་	VERB
ར་	ལ་	PART
མེད་	མེད་	VERB
ཚེ་	ཚེ་	NOUN
ཡི་	གི་	PART
ལྷ་	ལྷ་	NOUN
ཡི་	གིས་	PART
སྲུངས་	སྲུངས་	VERB
༔		PUNCT
སྲུང་མ་	སྲུང་མ་	NOUN
དེ་	སྟེ་	PART
ལ་	ལ་	PART
སྲུང་	སྲུང་	VERB
དུ་	ལ་	PART
བཙུག་		NON_WORD
༔		PUNCT
མི་ལ་	མི་ལ་	PROPN
ཚེ་	ཚེ་	NOUN
སྩོལ་	སྩོལ་	VERB
ཚེ་	ཚེ་	NOUN
ཡི་	གི་	PART
རྟེན་	རྟེན་	NOUN
༔		PUNCT
ཚེ་	ཚེ་	NOUN
ཡི་	གི་	PART
རྟེན་	རྟེན་	NOUN
དུ་	ལ་	PART
བཙུག་		NON_WORD
ཏུ་	ལ་	PART
གསོལ་	གསོལ་	VERB
༔		PUNCT
ནོར་	ནོར་	NOUN
ལ་	ལ་	PART
གཡང་	གཡང་	NOUN
སྩོལ་	སྩོལ་	VERB
གཡང་	གཡང་	NOUN
གི་	གི་	PART
རྟེན་	རྟེན་	NOUN
༔		PUNCT
གཡང་	གཡང་	NOUN
གི་	གི་	PART
རྟེན་	རྟེན་	NOUN
དུ་	ལ་	PART
བཙུག་		NON_WORD
ཏུ་	ལ་	PART
གསོལ་	གསོལ་	VERB
༔		PUNCT
ཟ་	ཟ་	NOUN
ལ་	ལ་	PART
བཅུད་	བཅུད་	NOUN
སྩོལ་	སྩོལ་	VERB
བཅུད་	བཅུད་	NOUN
ཀྱི་	གི་	PART
རྟེན་	རྟེན་	NOUN
༔		PUNCT
བཅུད་	བཅུད་	NOUN
ཀྱི་	གི་	PART
རྟེན་	རྟེན་	NOUN
ཏུ་	ལ་	PART
བཙུག་		NON_WORD
ཏུ་	ལ་	PART
གསོལ་	གསོལ་	VERB
༔		PUNCT
ལྷ་སྲུང་	ལྷ་སྲུང་	OTHER
དགྱེས་པ་	དགྱེས་པ་	VERB
འི་	གི་	PART
མཐུ་དཔལ་	མཐུ་དཔལ་	NO_POS
གྱིས་	གིས་	PART
།		PUNCT
		
།		PUNCT
མི་	མི་	PART
མཐུན་	མཐུན་	VERB
གནོད་པ་	གནོད་པ་	VERB
ཀུན་	ཀུན་	DET
ཞི་	ཞི་	VERB
ཞིང་	ཅིང་	PART
།		PUNCT
		
།		PUNCT
དགེ་ལེགས་	དགེ་ལེགས་	OTHER
ཡར་ངོ་	ཡར་ངོ་	NOUN
འི་	གི་	PART
ཟླ་ལྟར་	ཟླ་ལྟར་	NO_POS
རྒྱ་	རྒྱ་	VERB
།		PUNCT
		
།		PUNCT
བཀྲ་ཤིས་	བཀྲ་ཤིས་	NOUN
སྣང་བ་	སྣང་བ་	VERB
ས་	གིས་	PART
ཁྱབ་པ་	ཁྱབ་པ་	VERB
ར་	ལ་	PART
མཛོད་	མཛོད་	NOUN
།		PUNCT
		
།		PUNCT
སྲོག་	སྲོག་	NOUN
ལ་	ལ་	PART
ཆགས་པ་	ཆགས་པ་	VERB
འི་	གི་	PART
ལུས་ཅན་	ལུས་ཅན་	NOUN
ཀུན་	ཀུན་	DET
།		PUNCT
		
།		PUNCT
གནས་སྐབས་	གནས་སྐབས་	NOUN
འཆི་བདག་	འཆི་བདག་	NOUN
འཇིགས་	འཇིགས་	VERB
ལ་	ལ་	ADP
ས་	གིས་	PART
གྲོལ་	གྲོལ་	VERB
།		PUNCT
		
།		PUNCT
མཐར་ཐུག་	མཐར་ཐུག་	NOUN
ཚེ་	ཚེ་	NOUN
དང་	དང་	NO_POS
ཡེ་ཤེས་	ཡེ་ཤེས་	NOUN
འོད་	འོད་	NOUN
།		PUNCT
		
།		PUNCT
དཔག་	དཔག་	VERB
ཏུ་	ལ་	PART
མེད་པ་	མེད་པ་	VERB
འི་	གི་	PART
དཔལ་	དཔལ་	OTHER
ཐོབ་	ཐོབ་	VERB
ཤོག་	ཤོག་	VERB
		
།		PUNCT
ཅེས་	ཅེས་	PART
བསྔོ་སྨོན་	བསྔོ་སྨོན་	NO_POS
ཤིས་བརྗོད་	ཤིས་བརྗོད་	OTHER
བྱ་	བྱ་	VERB
ལ་	ལ་	PART
མེ་ཏོག་	མེ་ཏོག་	NOUN
འཐོར་	འཐོར་	VERB
།		PUNCT
		
སྤྱི་		
ཚེ་ཐར་	ཚེ་ཐར་	OTHER
གྱི་	གི་	PART
རིགས་	རིགས་	NOUN
ཐམས་ཅད་	ཐམས་ཅད་	DET
ལ་	ལ་	PART
མཐོང་	མཐོང་	VERB
གྲོལ་	གྲོལ་	VERB
ཙཀྲ་	ཙཀྲ་	NO_POS
མིག་ལམ་	མིག་ལམ་	NO_POS
དུ་	ལ་	PART
བསྟན་	བསྟན་	VERB
།		PUNCT
ཚོ་	ཚོ་	VERB
གྲོལ་	གྲོལ་	VERB
སྤོས་དུད་	སྤོས་དུད་	NO_POS
སྣ་	སྣ་	NOUN
ར་	ལ་	PART
བདུག་	བདུག་	NO_POS
		
།		PUNCT
རེག་	རེག་	VERB
གྲོལ་	གྲོལ་	VERB
བྱེ་མ་	བྱེ་མ་	NOUN
འཐོར་	འཐོར་	VERB
།		PUNCT
		
རྟེན་	རྟེན་	NOUN
བྱིན་རླབས་	བྱིན་རླབས་	NOUN
ཅན་	ཅན་	PART
དང་	དང་	NO_POS
བཏགས་	བཏགས་	VERB
གྲོལ་	གྲོལ་	VERB
མགོ་		
བཞག་	བཞག་	VERB
།		PUNCT
མྱང་	མྱང་	VERB
གྲོལ་	གྲོལ་	VERB
དམ་རྫས་	དམ་རྫས་	NOUN
ཆུ་		
སྦྱངས་	སྦྱངས་	VERB
ན་	ནས་	PART
བླུད་	བླུད་	NO_POS
།		PUNCT
		
ཐོས་གྲོལ་	ཐོས་གྲོལ་	OTHER
ཞི་	ཞི་	VERB
ཁྲོ་	ཁྲོ་	VERB
དང་	དང་	NO_POS
བཏགས་	བཏགས་	VERB
གྲོལ་	གྲོལ་	VERB
སྙིང་པོ་	སྙིང་པོ་	NOUN
།		PUNCT
		
ཡིག་བརྒྱ་	ཡིག་བརྒྱ་	NO_POS
།		PUNCT
ཤོ་	ཤོ་	NOUN
དྷ་		NON_WORD
ནི་	ནི་	NO_POS
།		PUNCT
		
ཀཾ་		NON_WORD
ཀ་	ཀ་	DET
ནི་	ནི་	NO_POS
།		PUNCT
		
པདྨ་	པདྨ་	NOUN
གཙུག་ཏོར་	གཙུག་ཏོར་	PROPN
སོགས་	སོགས་	DET
གསར་རྙིང་	གསར་རྙིང་	OTHER
གི་	གི་	PART
གཟུངས་སྔགས་	གཟུངས་སྔགས་	OTHER
རྣམས་	རྣམས་	DET
དང་	དང་	NO_POS
།		PUNCT
		
རྡོ་		
སེམས་	སེམས་	NOUN
།		PUNCT
		
འོད་	འོད་	NOUN
དཔག་མེད་	དཔག་མེད་	ADJ
།		PUNCT
མི་	མི་	PART
འཁྲུག་པ་	འཁྲུག་པ་	VERB
།		PUNCT
		
རིན་ཆེན་	རིན་ཆེན་	OTHER
གཙུག་ཏོར་	གཙུག་ཏོར་	PROPN
ལ་སོགས་	ལ་སོགས་	NO_POS
པ་སངས་	པ་སངས་	NO_POS
རྒྱ་	རྒྱ་	VERB
ཀྱི་	གི་	PART
མཚན་	མཚན་	NOUN
རྣམས་	རྣམས་	DET
རྣ་བ་	རྣ་བ་	NOUN
ར་	ལ་	PART
ཐོ་	ཐོ་	VERB
ངེས་	ངེས་	VERB
སུ་	ལ་	PART
བརྗོད་	བརྗོད་	VERB
ལ་	ལ་	PART
སྨོན་ལམ་	སྨོན་ལམ་	NOUN
འདེབས་པ་	འདེབས་པ་	VERB
ཤིན་ཏུ་	ཤིན་ཏུ་	NO_POS
གལ་ཆེ་	གལ་ཆེ་	OTHER
།		PUNCT
དུད་འགྲོ་	དུད་འགྲོ་	NOUN
དེ་	དེ་	DET
འང་	ཀྱང་	PART
ཕྱིན་ཆད་	ཕྱིན་ཆད་	ADV
ཅི་	ཅི་	NO_POS
བདེ་	བདེ་	VERB
ར་	ལ་	PART
འཇོག་པ་	འཇོག་པ་	VERB
དང་	དང་	NO_POS
ཁྱད་པར་	ཁྱད་པར་	NOUN
གསོད་གཅོད་	གསོད་གཅོད་	NO_POS
བྱ་	བྱ་	VERB
ན་	ལ་	PART
ཉེས་པ་	ཉེས་པ་	VERB
བརྒྱ་	བརྒྱ་	NUM
འགྱུར་	འགྱུར་	VERB
དུ་	ལ་	PART
ཆེ་བ་	ཆེ་བ་	VERB
ས་	གིས་	PART
ཚེ་ཐར་	ཚེ་ཐར་	OTHER
ངེས་	ངེས་	VERB
བྱ་	བྱ་	VERB
འོ་	གོ་	PART
"།
།"		PUNCT
ལུགས་སྲོལ་	ལུགས་སྲོལ་	NOUN
ཕྱི་མ་	ཕྱི་མ་	ADJ
འདི་	འདི་	DET
ནི་	ནི་	NO_POS
ཀློང་	ཀློང་	NOUN
གསལ་	གསལ་	VERB
ཚེ་སྒྲུབ་	ཚེ་སྒྲུབ་	NOUN
ཡང་གསང་	ཡང་གསང་	OTHER
བླ་མེད་	བླ་མེད་	ADJ
ན་	ནས་	PART
བྱུང་བ་	བྱུང་བ་	VERB
སྟེ་	སྟེ་	PART
མགོ་	མགོ་	NOUN
གཤམ་	གཤམ་	OTHER
ཕྲན་བུ་	ཕྲན་བུ་	OTHER
རུང་	རུང་	SCONJ
མཐུན་	མཐུན་	VERB
ན་	ནས་	PART
ཁ་སྐོང་	ཁ་སྐོང་	NOUN
དུ་	ལ་	PART
བགྱིས་པ་	བགྱིས་པ་	VERB
འོ་	གོ་	PART
"།
།"		PUNCT
འདི་	འདི་	DET
འང་	ཀྱང་	PART
ཉེ་བ་		
མཁོ་བ་	མཁོ་བ་	VERB
རྣམས་	རྣམས་	DET
ལ་	ལ་	PART
ཕན་པ་	ཕན་པ་	VERB
ར་	ལ་	PART
བསམས་	བསམས་	VERB
ན་	ནས་	PART
པདྨ་	པདྨ་	NOUN
ག་	ག་	NOUN
དབང་	དབང་	NOUN
བློ་གྲོས་	བློ་གྲོས་	NOUN
མཐའ་ཡས་པ་	མཐའ་ཡས་པ་	ADJ
འི་	གི་	PART
སྡེ་	སྡེ་	NOUN
ས་	གིས་	PART
རྫོང་	རྫོང་	NOUN
ཤོད་	ཤོད་	VERB
བདེ་	བདེ་	VERB
ར་	ལ་	PART
འདུ་	འདུ་	VERB
ཕོ་བྲང་	ཕོ་བྲང་	NOUN
དུ་	ལ་	PART
བསྡེབས་པ་	བསྡེབས་པ་	VERB
དགེ་ལེགས་	དགེ་ལེགས་	OTHER
འཕེལ་	འཕེལ་	VERB
"།
།"		PUNCT
སརྦ་	སརྦ་	NO_POS
ད་	ད་	ADV
ཱམངྒ་		NON_WORD
ལཾ་		NON_WORD
།།		PUNCT
		
།།		PUNCT
